{"_timestamp":1.7717657248085675e+09,"_step":150,"_runtime":351,"_wandb":{"runtime":351},"Run reward":-0.7615941534479171}