{"_step":3,"Run reward":-0.7615941533899224,"_timestamp":1.771767014189417e+09,"_wandb":{"runtime":8},"_runtime":8}