{"_wandb":{"runtime":50},"_runtime":50,"Run reward":24.54626445690385,"_timestamp":1.7717722692547023e+09,"_step":0}