{"Run reward":24.116877729644663,"_wandb":{"runtime":708},"_runtime":708,"_timestamp":1.7717734020174835e+09,"_step":0}