{"_runtime":47,"Run reward":-0.7615941534479171,"_timestamp":1.7717700002668526e+09,"_step":20,"_wandb":{"runtime":47}}