{"Run reward":-0.7615941534479473,"_timestamp":1.771762866880783e+09,"_wandb":{"runtime":119},"_runtime":119,"_step":39}