{"_wandb":{"runtime":497},"_runtime":497,"Run reward":1.769897896515661,"_timestamp":1.7717868662142122e+09,"_step":354}