{"_runtime":485,"Run reward":69.15811985041739,"_timestamp":1.7717729068668916e+09,"_step":4,"_wandb":{"runtime":485}}