{"_runtime":64,"Run reward":24.35845567845497,"_timestamp":1.771773041176961e+09,"_step":0,"_wandb":{"runtime":64}}