{"_wandb":{"runtime":383},"_runtime":383,"_timestamp":1.7717712655230134e+09,"_step":169,"Run reward":-0.7615941534479822}