{"_runtime":40,"_step":17,"Run reward":-0.7615941534479183,"_timestamp":1.77176513115653e+09,"_wandb":{"runtime":40}}