{"_wandb":{"runtime":19},"_runtime":19,"Run reward":-0.7615941534479217,"_timestamp":1.7717673478574862e+09,"_step":7}