{"_timestamp":1.7717669688217154e+09,"_wandb":{"runtime":157},"_runtime":157,"_step":68,"Run reward":-0.7615941534479205}