{"_step":0,"_wandb":{"runtime":42187},"_runtime":42187,"Run reward":3.1044826530099336,"_timestamp":1.7717961065877993e+09}