{"_runtime":11737,"Run reward":23.07637950607279,"_timestamp":1.7717858611101673e+09,"_step":2817,"_wandb":{"runtime":11737}}