{"_step":7,"_runtime":67,"_wandb":{"runtime":67},"Run reward":-0.7615941559557438,"_timestamp":1.7717934689916508e+09}