{"_timestamp":1.7717690784983244e+09,"_step":32,"_wandb":{"runtime":75},"_runtime":75,"Run reward":-0.7615941534479251}