{"_wandb":{"runtime":228},"_runtime":228,"Run reward":-0.7615941534479171,"_timestamp":1.7717650584787078e+09,"_step":100}