{"_runtime":495,"_wandb":{"runtime":495},"_step":218,"Run reward":-0.7615941534479171,"_timestamp":1.7717662592823033e+09}