{"_timestamp":1.7717677453405173e+09,"_step":65,"_wandb":{"runtime":150},"_runtime":150,"Run reward":-0.7615941534479229}