{"_wandb":{"runtime":6},"_runtime":6,"_step":2,"Run reward":-0.761594153447924,"_timestamp":1.7717672802764971e+09}