{"_timestamp":1.77177082136094e+09,"_wandb":{"runtime":343},"_runtime":343,"_step":42,"Run reward":-0.76159415344798}