{"_timestamp":1.7717696554175875e+09,"_wandb":{"runtime":261},"_runtime":261,"_step":106,"Run reward":-0.7615941534479229}