{"_runtime":446,"_wandb":{"runtime":446},"_step":196,"Run reward":-0.7615941534479833,"_timestamp":1.7717717729034278e+09}