{"_timestamp":1.771790968281842e+09,"_step":9,"_wandb":{"runtime":90},"_runtime":90,"Run reward":-0.7576235785215962}